{
    "foreground_intensity_properties_per_channel": {
        "0": {
            "max": 2737.0,
            "mean": 733.185546875,
            "median": 564.0,
            "min": -1013.0,
            "percentile_00_5": -130.0,
            "percentile_99_5": 2212.0,
            "std": 576.6128540039062
        }
    },
    "median_relative_size_after_cropping": 1.0,
    "shapes_after_crop": [
        [
            214,
            512,
            512
        ],
        [
            466,
            512,
            512
        ],
        [
            466,
            512,
            512
        ],
        [
            819,
            512,
            512
        ],
        [
            393,
            512,
            512
        ],
        [
            680,
            512,
            512
        ],
        [
            430,
            512,
            512
        ],
        [
            537,
            512,
            512
        ],
        [
            702,
            512,
            512
        ],
        [
            680,
            512,
            512
        ],
        [
            444,
            512,
            512
        ],
        [
            354,
            512,
            512
        ],
        [
            443,
            512,
            512
        ],
        [
            400,
            512,
            512
        ],
        [
            380,
            512,
            512
        ],
        [
            568,
            512,
            512
        ],
        [
            447,
            512,
            512
        ],
        [
            712,
            512,
            512
        ],
        [
            748,
            512,
            512
        ],
        [
            743,
            512,
            512
        ],
        [
            754,
            512,
            512
        ],
        [
            708,
            512,
            512
        ],
        [
            702,
            512,
            512
        ],
        [
            608,
            512,
            512
        ],
        [
            459,
            512,
            512
        ],
        [
            203,
            512,
            512
        ],
        [
            203,
            512,
            512
        ],
        [
            215,
            512,
            512
        ],
        [
            162,
            512,
            512
        ],
        [
            303,
            512,
            512
        ],
        [
            162,
            512,
            512
        ],
        [
            526,
            512,
            512
        ],
        [
            206,
            512,
            512
        ],
        [
            863,
            512,
            633
        ],
        [
            715,
            512,
            512
        ],
        [
            212,
            512,
            512
        ],
        [
            180,
            512,
            512
        ],
        [
            459,
            512,
            512
        ],
        [
            306,
            512,
            512
        ],
        [
            203,
            512,
            512
        ],
        [
            341,
            512,
            512
        ],
        [
            203,
            512,
            512
        ],
        [
            753,
            512,
            665
        ],
        [
            296,
            512,
            512
        ],
        [
            321,
            512,
            512
        ],
        [
            296,
            512,
            512
        ],
        [
            429,
            512,
            512
        ],
        [
            190,
            512,
            512
        ],
        [
            111,
            512,
            512
        ],
        [
            111,
            512,
            512
        ],
        [
            190,
            512,
            512
        ],
        [
            190,
            512,
            512
        ],
        [
            190,
            512,
            512
        ],
        [
            408,
            512,
            512
        ],
        [
            426,
            512,
            512
        ],
        [
            196,
            512,
            512
        ],
        [
            525,
            512,
            512
        ],
        [
            185,
            512,
            512
        ],
        [
            191,
            512,
            512
        ],
        [
            184,
            512,
            512
        ],
        [
            179,
            512,
            512
        ],
        [
            198,
            512,
            512
        ],
        [
            158,
            512,
            553
        ],
        [
            210,
            512,
            512
        ],
        [
            565,
            512,
            512
        ],
        [
            551,
            512,
            512
        ],
        [
            170,
            512,
            512
        ],
        [
            167,
            512,
            512
        ],
        [
            175,
            512,
            512
        ],
        [
            175,
            512,
            512
        ],
        [
            175,
            512,
            512
        ],
        [
            268,
            512,
            512
        ],
        [
            192,
            512,
            512
        ],
        [
            190,
            512,
            512
        ],
        [
            714,
            512,
            612
        ],
        [
            714,
            512,
            612
        ],
        [
            401,
            512,
            512
        ],
        [
            321,
            512,
            512
        ],
        [
            321,
            512,
            512
        ],
        [
            218,
            512,
            512
        ]
    ],